,Round Number,Date,Location,Home Team,Away Team,Result,Result Predicted,Away win %,Draw %,Home win %
0,1,10/08/2018 20:00,Old Trafford,Man Utd,Leicester,2 - 1,D,20.498171658164114,60.999405621444666,18.50242272039121
1,1,11/08/2018 12:30,St. James' Park,Newcastle,Spurs,1 - 2,D,11.2389561034365,66.02112235487465,22.739921541688847
2,1,11/08/2018 15:00,Vitality Stadium,Bournemouth,Cardiff,2 - 0,D,21.358408128718658,58.56306996385976,20.07852190742158
3,1,11/08/2018 15:00,Craven Cottage,Fulham,Crystal Palace,0 - 2,A,99.6491912094444,0.350706019435519,0.00010277112008617856
4,1,11/08/2018 15:00,John Smith's Stadium,Huddersfield,Chelsea,0 - 3,D,15.863578882276089,67.33521260690365,16.80120851082026
5,1,11/08/2018 15:00,Vicarage Road,Watford,Brighton,2 - 0,D,22.046346854642227,55.830139763646194,22.123513381711575
6,1,11/08/2018 17:30,Molineux Stadium,Wolves,Everton,2 - 2,H,0.0001057748631447022,0.20612674914254545,99.79376747599431
7,1,12/08/2018 13:30,Anfield,Liverpool,West Ham,4 - 0,D,19.445792561353116,63.32262934453075,17.231578094116124
8,1,12/08/2018 13:30,St. Mary's Stadium,Southampton,Burnley,0 - 0,D,16.879745302280465,59.123821613633076,23.99643308408645
9,1,12/08/2018 16:00,Emirates Stadium,Arsenal,Man City,0 - 2,D,18.36311008748563,57.026333449241775,24.610556463272598
10,2,18/08/2018 12:30,Cardiff City Stadium,Cardiff,Newcastle,0 - 0,D,13.102389198609723,59.50765646853444,27.389954332855837
11,2,18/08/2018 15:00,Goodison Park,Everton,Southampton,2 - 1,D,21.780233441311196,55.35982201562907,22.859944543059736
12,2,18/08/2018 15:00,King Power Stadium,Leicester,Wolves,2 - 0,D,27.047120737880892,46.83353873955251,26.11934052256661
13,2,18/08/2018 15:00,Wembley Stadium,Spurs,Fulham,3 - 1,D,19.890213729370583,57.979297981013424,22.130488289615993
14,2,18/08/2018 15:00,London Stadium,West Ham,Bournemouth,1 - 2,D,15.37067216439214,66.52534895037671,18.10397888523116
15,2,18/08/2018 17:30,Stamford Bridge,Chelsea,Arsenal,3 - 2,D,17.11134105307435,58.19497750245265,24.693681444472993
16,2,19/08/2018 13:30,Turf Moor,Burnley,Watford,1 - 3,D,18.474332222773658,63.26327363107055,18.262394146155795
17,2,19/08/2018 13:30,Etihad Stadium,Man City,Huddersfield,6 - 1,D,23.74765609126735,53.76414523710024,22.488198671632432
18,2,19/08/2018 16:00,Amex Stadium,Brighton,Man Utd,3 - 2,D,18.67668870402811,63.389590901879224,17.93372039409265
19,2,20/08/2018 20:00,Selhurst Park,Crystal Palace,Liverpool,0 - 2,D,17.217416409013946,66.42805208287245,16.35453150811359
20,3,25/08/2018 12:30,Molineux Stadium,Wolves,Man City,1 - 1,D,21.75523983820382,58.52344474632375,19.72131541547243
21,3,25/08/2018 15:00,Emirates Stadium,Arsenal,West Ham,3 - 1,D,15.256220708597294,65.0239327340263,19.719846557376396
22,3,25/08/2018 15:00,Vitality Stadium,Bournemouth,Everton,2 - 2,H,7.910775885346314e-05,0.17817170188718837,99.82174919035397
23,3,25/08/2018 15:00,John Smith's Stadium,Huddersfield,Cardiff,0 - 0,D,19.6345533960876,60.197842331980866,20.16760427193153
24,3,25/08/2018 15:00,St. Mary's Stadium,Southampton,Leicester,1 - 2,D,22.909149542445565,60.57767302515897,16.513177432395462
25,3,25/08/2018 17:30,Anfield,Liverpool,Brighton,1 - 0,D,28.58759756056375,51.074707564097984,20.33769487533828
26,3,26/08/2018 13:30,Vicarage Road,Watford,Crystal Palace,2 - 1,A,99.65335208355542,0.3465512846869824,9.663175759003077e-05
27,3,26/08/2018 16:00,Craven Cottage,Fulham,Burnley,4 - 2,D,17.44828471564809,57.63788312623232,24.9138321581196
28,3,26/08/2018 16:00,St. James' Park,Newcastle,Chelsea,1 - 2,D,13.87811756486466,70.00815764635315,16.113724788782182
29,3,27/08/2018 20:00,Old Trafford,Man Utd,Spurs,0 - 3,D,10.906435427487093,62.98050369893191,26.113060873580977
30,4,01/09/2018 12:30,King Power Stadium,Leicester,Liverpool,1 - 2,D,22.372768632234592,53.949795177262494,23.67743619050291
31,4,01/09/2018 15:00,Amex Stadium,Brighton,Fulham,2 - 2,D,12.761631947916479,61.76881639378065,25.469551658302876
32,4,01/09/2018 15:00,Stamford Bridge,Chelsea,Bournemouth,2 - 0,D,15.481441563750636,63.19742051109536,21.321137925153995
33,4,01/09/2018 15:00,Selhurst Park,Crystal Palace,Southampton,0 - 2,D,18.363943625134123,65.25337463252112,16.382681742344758
34,4,01/09/2018 15:00,Goodison Park,Everton,Huddersfield,1 - 1,D,20.124027234657664,56.65626431986147,23.21970844548085
35,4,01/09/2018 15:00,London Stadium,West Ham,Wolves,0 - 1,D,23.419861115077364,55.76222216261304,20.817916722309594
36,4,01/09/2018 17:30,Etihad Stadium,Man City,Newcastle,2 - 1,D,15.161839178621747,54.50313557140585,30.335025249972407
37,4,02/09/2018 13:30,Cardiff City Stadium,Cardiff,Arsenal,2 - 3,D,18.999357174854815,57.93315607304715,23.067486752098027
38,4,02/09/2018 16:00,Turf Moor,Burnley,Man Utd,0 - 2,D,26.737689252982022,59.45415960678994,13.808151140228025
39,4,02/09/2018 16:00,Vicarage Road,Watford,Spurs,2 - 1,D,13.17994456839463,63.02238818947041,23.797667242134956
40,5,15/09/2018 12:30,Wembley Stadium,Spurs,Liverpool,1 - 2,D,20.173678313464364,57.787561520967024,22.038760165568604
41,5,15/09/2018 15:00,Vitality Stadium,Bournemouth,Leicester,4 - 2,D,25.543781732738324,58.18986314139919,16.266355125862486
42,5,15/09/2018 15:00,Stamford Bridge,Chelsea,Cardiff,4 - 1,D,20.887327798723497,57.7789438764931,21.3337283247834
43,5,15/09/2018 15:00,John Smith's Stadium,Huddersfield,Crystal Palace,0 - 1,A,99.64170963341535,0.35819160562756375,9.87609570758194e-05
44,5,15/09/2018 15:00,Etihad Stadium,Man City,Fulham,3 - 0,D,23.851942493775475,53.86734840141183,22.280709104812697
45,5,15/09/2018 15:00,St. James' Park,Newcastle,Arsenal,1 - 2,D,14.14276328088791,63.35573503453939,22.501501684572688
46,5,15/09/2018 17:30,Vicarage Road,Watford,Man Utd,1 - 2,D,25.368544669410326,60.70058500120988,13.930870329379786
47,5,16/09/2018 13:30,Molineux Stadium,Wolves,Burnley,1 - 0,D,21.978448131867083,57.383150561703665,20.638401306429248
48,5,16/09/2018 16:00,Goodison Park,Everton,West Ham,1 - 3,D,16.541612626279935,62.839910521277616,20.618476852442438
49,5,17/09/2018 20:00,St. Mary's Stadium,Southampton,Brighton,2 - 2,D,20.920020509758807,56.849853743566634,22.23012574667455
50,6,22/09/2018 12:30,Craven Cottage,Fulham,Watford,1 - 1,D,17.102295905521974,63.77788585964449,19.119818234833527
51,6,22/09/2018 15:00,Turf Moor,Burnley,Bournemouth,4 - 0,D,15.76856365315718,64.13804073589553,20.093395610947297
52,6,22/09/2018 15:00,Cardiff City Stadium,Cardiff,Man City,0 - 5,D,20.32317969965356,57.15365584844666,22.52316445189978
53,6,22/09/2018 15:00,Selhurst Park,Crystal Palace,Newcastle,0 - 0,D,10.727954950696448,67.04284854569461,22.229196503608943
54,6,22/09/2018 15:00,King Power Stadium,Leicester,Huddersfield,3 - 1,D,21.965374584264623,54.03349482573782,24.00113058999756
55,6,22/09/2018 15:00,Anfield,Liverpool,Southampton,3 - 0,D,25.47826528779519,55.510813222613464,19.010921489591347
56,6,22/09/2018 15:00,Old Trafford,Man Utd,Wolves,1 - 1,D,18.997664479319727,55.24159339252795,25.760742128152327
57,6,22/09/2018 17:30,Amex Stadium,Brighton,Spurs,1 - 2,D,9.140819429242294,61.99935169429938,28.859828876458334
58,6,23/09/2018 13:30,London Stadium,West Ham,Chelsea,0 - 0,D,16.775331855556548,68.11540599283015,15.109262151613304
59,6,23/09/2018 16:00,Emirates Stadium,Arsenal,Everton,2 - 0,H,7.15773586066267e-05,0.16102405358246444,99.83890436905894
60,7,29/09/2018 12:30,London Stadium,West Ham,Man Utd,3 - 1,D,26.018476813592045,61.56175459469172,12.419768591716245
61,7,29/09/2018 15:00,Emirates Stadium,Arsenal,Watford,2 - 0,D,18.21630903918696,61.98282635691575,19.80086460389729
62,7,29/09/2018 15:00,Goodison Park,Everton,Fulham,3 - 0,D,20.21585976761446,56.774733625898676,23.009406606486866
63,7,29/09/2018 15:00,John Smith's Stadium,Huddersfield,Spurs,0 - 2,D,12.839483164627941,63.464000815783685,23.69651601958838
64,7,29/09/2018 15:00,Etihad Stadium,Man City,Brighton,2 - 0,D,28.593029921294534,47.923859227268125,23.48311085143736
65,7,29/09/2018 15:00,St. James' Park,Newcastle,Leicester,0 - 2,D,20.87680599541816,63.198702742605185,15.924491261976659
66,7,29/09/2018 15:00,Molineux Stadium,Wolves,Southampton,2 - 0,D,23.773206267411386,58.72530294249432,17.501490790094294
67,7,29/09/2018 17:30,Stamford Bridge,Chelsea,Liverpool,1 - 1,D,18.988103497327423,59.38341025514935,21.628486247523224
68,7,30/09/2018 16:00,Cardiff City Stadium,Cardiff,Burnley,1 - 2,D,20.502522264975003,55.96042568032787,23.53705205469712
69,7,01/10/2018 20:00,Vitality Stadium,Bournemouth,Crystal Palace,2 - 1,A,99.67944877349103,0.32046080342367866,9.042308527212485e-05
70,8,05/10/2018 20:00,Amex Stadium,Brighton,West Ham,1 - 0,D,10.274446540307183,67.26920945238382,22.456344007308996
71,8,06/10/2018 15:00,Turf Moor,Burnley,Huddersfield,1 - 1,D,18.986083174942667,60.35439459469212,20.659522230365216
72,8,06/10/2018 15:00,Selhurst Park,Crystal Palace,Wolves,0 - 1,D,21.56474133946679,59.743911570268004,18.691347090265214
73,8,06/10/2018 15:00,King Power Stadium,Leicester,Everton,1 - 2,H,7.839803940359297e-05,0.13735457723980474,99.8625670247208
74,8,06/10/2018 15:00,Wembley Stadium,Spurs,Cardiff,1 - 0,D,22.15689683699224,56.13857513958869,21.704528023419073
75,8,06/10/2018 15:00,Vicarage Road,Watford,Bournemouth,0 - 4,D,14.854787522431915,65.01730259391783,20.127909883650254
76,8,06/10/2018 17:30,Old Trafford,Man Utd,Newcastle,3 - 2,D,9.258498630441,60.728515858466395,30.012985511092616
77,8,07/10/2018 12:00,Craven Cottage,Fulham,Arsenal,1 - 5,D,16.127822985809246,59.51762529912621,24.354551715064545
78,8,07/10/2018 14:15,St. Mary's Stadium,Southampton,Chelsea,0 - 3,D,15.376252508681471,67.75293296709508,16.870814524223444
79,8,07/10/2018 16:30,Anfield,Liverpool,Man City,0 - 0,D,23.30210546042746,55.28806572721944,21.40982881235311
80,9,20/10/2018 12:30,Stamford Bridge,Chelsea,Man Utd,2 - 2,D,26.38674840092382,58.88553838020252,14.727713218873658
81,9,20/10/2018 15:00,Vitality Stadium,Bournemouth,Southampton,0 - 0,D,20.662766286376755,58.99208367553814,20.34515003808511
82,9,20/10/2018 15:00,Cardiff City Stadium,Cardiff,Fulham,4 - 2,D,20.7066967545671,59.083391558026776,20.20991168740612
83,9,20/10/2018 15:00,Etihad Stadium,Man City,Burnley,5 - 0,D,23.479259312990518,50.72305004236362,25.797690644645876
84,9,20/10/2018 15:00,St. James' Park,Newcastle,Brighton,0 - 1,D,19.10016887088916,59.421682093268004,21.47814903584284
85,9,20/10/2018 15:00,London Stadium,West Ham,Spurs,0 - 1,D,13.702538078993474,64.79091128106928,21.506550639937227
86,9,20/10/2018 15:00,Molineux Stadium,Wolves,Watford,0 - 2,D,21.35527125751604,62.943788205353925,15.700940537130034
87,9,20/10/2018 17:30,John Smith's Stadium,Huddersfield,Liverpool,0 - 1,D,17.81984287298944,61.76758131389857,20.412575813111985
88,9,21/10/2018 16:00,Goodison Park,Everton,Crystal Palace,2 - 0,A,99.7145032287111,0.28540035015547977,9.642113343251911e-05
89,9,22/10/2018 20:00,Emirates Stadium,Arsenal,Leicester,3 - 1,D,25.129929506460908,57.18061889930084,17.68945159423825
90,10,27/10/2018 15:00,Amex Stadium,Brighton,Wolves,1 - 0,D,16.119868030811332,55.056194160241,28.823937808947658
91,10,27/10/2018 15:00,Craven Cottage,Fulham,Bournemouth,0 - 3,D,14.554681752011325,64.47020599887195,20.975112249116734
92,10,27/10/2018 15:00,Anfield,Liverpool,Cardiff,4 - 1,D,26.28216956756633,54.9944203113403,18.723410121093362
93,10,27/10/2018 15:00,St. Mary's Stadium,Southampton,Newcastle,0 - 0,D,10.619075344663235,61.89163350274841,27.489291152588365
94,10,27/10/2018 15:00,Vicarage Road,Watford,Huddersfield,3 - 0,D,17.92840733272514,61.32734727297289,20.74424539430196
95,10,27/10/2018 17:30,King Power Stadium,Leicester,West Ham,1 - 1,D,18.18273723360844,60.35432254008667,21.462940226304898
96,10,28/10/2018 13:30,Turf Moor,Burnley,Chelsea,0 - 4,D,17.26999247794018,65.90155006001262,16.82845746204718
97,10,28/10/2018 13:30,Selhurst Park,Crystal Palace,Arsenal,2 - 2,D,15.627150306209437,65.56638455121802,18.80646514257254
98,10,28/10/2018 16:00,Old Trafford,Man Utd,Everton,2 - 1,H,5.58176357786517e-05,0.16422505697737164,99.83571912538686
99,10,29/10/2018 20:00,Wembley Stadium,Spurs,Man City,0 - 1,D,19.469054996335707,55.934033611063306,24.59691139260098
100,11,03/11/2018 12:30,Vitality Stadium,Bournemouth,Man Utd,1 - 2,D,26.840216953674616,59.37136491523265,13.788418131092719
101,11,03/11/2018 15:00,Cardiff City Stadium,Cardiff,Leicester,0 - 1,D,27.452748945808636,56.56744543405612,15.979805620135245
102,11,03/11/2018 15:00,Goodison Park,Everton,Brighton,3 - 1,D,24.480029079702142,51.022834187105914,24.497136733191937
103,11,03/11/2018 15:00,St. James' Park,Newcastle,Watford,1 - 0,D,14.914804092506792,67.51730060751483,17.567895299978378
104,11,03/11/2018 15:00,London Stadium,West Ham,Burnley,4 - 2,D,18.53674197439659,59.83105279700145,21.63220522860197
105,11,03/11/2018 17:30,Emirates Stadium,Arsenal,Liverpool,1 - 1,D,19.028705920953765,58.91915043393111,22.052143645115116
106,11,03/11/2018 19:45,Molineux Stadium,Wolves,Spurs,2 - 3,D,16.426504077793762,62.82787069233592,20.745625229870328
107,11,04/11/2018 15:00,Etihad Stadium,Man City,Southampton,6 - 1,D,25.605875837118212,52.337231483047,22.05689267983479
108,11,04/11/2018 16:00,Stamford Bridge,Chelsea,Crystal Palace,3 - 1,A,99.67661024053598,0.3232915195499704,9.82399140497293e-05
109,11,05/11/2018 20:00,John Smith's Stadium,Huddersfield,Fulham,1 - 0,D,17.562513334434378,61.94804677320833,20.489439892357293
110,12,10/11/2018 12:30,Cardiff City Stadium,Cardiff,Brighton,2 - 1,D,25.152716574610867,53.2634448637407,21.58383856164843
111,12,10/11/2018 15:00,John Smith's Stadium,Huddersfield,West Ham,1 - 1,D,14.18654852848166,67.68813081631946,18.125320655198898
112,12,10/11/2018 15:00,King Power Stadium,Leicester,Burnley,0 - 0,D,21.667813990365513,50.861424121418544,27.47076188821594
113,12,10/11/2018 15:00,St. James' Park,Newcastle,Bournemouth,2 - 1,D,12.665706098360877,68.10320726067636,19.231086640962772
114,12,10/11/2018 15:00,St. Mary's Stadium,Southampton,Watford,1 - 1,D,16.481917893789984,65.17255914488685,18.345522961323173
115,12,10/11/2018 17:30,Selhurst Park,Crystal Palace,Spurs,0 - 1,D,12.449806899279887,68.4966495898261,19.053543510894013
116,12,11/11/2018 12:00,Anfield,Liverpool,Fulham,2 - 0,D,23.716325695292646,57.09339573863519,19.19027856607216
117,12,11/11/2018 14:15,Stamford Bridge,Chelsea,Everton,0 - 0,H,7.282045197510618e-05,0.1654644805684893,99.83446269897954
118,12,11/11/2018 16:30,Emirates Stadium,Arsenal,Wolves,1 - 1,D,23.359867349799185,51.93778924362697,24.702343406573842
119,12,11/11/2018 16:30,Etihad Stadium,Man City,Man Utd,3 - 1,D,32.969895342974716,52.21249149113658,14.817613165888691
120,13,24/11/2018 15:00,Amex Stadium,Brighton,Leicester,1 - 1,D,17.588253917876628,61.47689513601604,20.934850946107336
121,13,24/11/2018 15:00,Goodison Park,Everton,Cardiff,1 - 0,D,22.506501544070872,54.94014848007326,22.55334997585586
122,13,24/11/2018 15:00,Craven Cottage,Fulham,Southampton,3 - 2,D,19.06640802260637,59.59012658003805,21.343465397355583
123,13,24/11/2018 15:00,Old Trafford,Man Utd,Crystal Palace,0 - 0,A,99.58165947865756,0.4182124766824842,0.00012804465995465436
124,13,24/11/2018 15:00,Vicarage Road,Watford,Liverpool,0 - 3,D,18.2686454828771,61.25822961636298,20.47312490075992
125,13,24/11/2018 15:00,London Stadium,West Ham,Man City,0 - 4,D,18.34125377338931,60.995936114773656,20.66281011183702
126,13,24/11/2018 17:30,Tottenham Hotspur Stadium,Spurs,Chelsea,3 - 1,D,18.12299770056916,63.5716744508951,18.30532784853575
127,13,25/11/2018 13:30,Vitality Stadium,Bournemouth,Arsenal,1 - 2,D,17.545897943107505,59.148712173602426,23.305389883290076
128,13,25/11/2018 16:00,Molineux Stadium,Wolves,Huddersfield,0 - 2,D,22.00000522070606,60.195104866701655,17.804889912592273
129,13,26/11/2018 20:30,Turf Moor,Burnley,Newcastle,1 - 2,D,11.981122640257373,60.47399226818716,27.544885091555464
130,14,30/11/2018 20:00,Cardiff City Stadium,Cardiff,Wolves,2 - 1,D,25.721029568776814,51.78745666421564,22.491513767007543
131,14,01/12/2018 15:00,Selhurst Park,Crystal Palace,Burnley,2 - 0,D,16.967607428602392,63.72465467475057,19.307737896647048
132,14,01/12/2018 15:00,John Smith's Stadium,Huddersfield,Brighton,1 - 2,D,21.535495278878372,56.374872853124636,22.08963186799699
133,14,01/12/2018 15:00,King Power Stadium,Leicester,Watford,2 - 0,D,21.539752597536808,57.07876241787271,21.381484984590486
134,14,01/12/2018 15:00,Etihad Stadium,Man City,Bournemouth,3 - 1,D,19.976950536212122,57.869699032970956,22.153350430816925
135,14,01/12/2018 15:00,St. James' Park,Newcastle,West Ham,0 - 3,D,12.389953160357702,70.25584494842546,17.354201891216842
136,14,01/12/2018 17:30,St. Mary's Stadium,Southampton,Man Utd,2 - 2,D,24.10147280213839,61.88367149828529,14.014855699576332
137,14,02/12/2018 12:00,Stamford Bridge,Chelsea,Fulham,2 - 0,D,18.71750810807332,59.568381393236415,21.71411049869027
138,14,02/12/2018 14:05,Emirates Stadium,Arsenal,Spurs,4 - 2,D,13.731403794890392,60.6296888623421,25.638907342767492
139,14,02/12/2018 16:15,Anfield,Liverpool,Everton,1 - 0,H,0.00010438849912730197,0.17942161538291623,99.82047399611795
140,15,04/12/2018 19:45,Vitality Stadium,Bournemouth,Huddersfield,2 - 1,D,19.066660031736603,60.294927867042404,20.638412101220986
141,15,04/12/2018 19:45,Amex Stadium,Brighton,Crystal Palace,3 - 1,A,99.50897021777314,0.49086105777854,0.00016872444832198065
142,15,04/12/2018 19:45,London Stadium,West Ham,Cardiff,3 - 1,D,20.805687556402646,61.02041206996235,18.173900373635
143,15,04/12/2018 20:00,Vicarage Road,Watford,Man City,1 - 2,D,17.670587185697347,59.427993088359834,22.90141972594282
144,15,05/12/2018 19:45,Turf Moor,Burnley,Liverpool,1 - 3,D,19.342084832013324,60.272947082384476,20.38496808560221
145,15,05/12/2018 19:45,Craven Cottage,Fulham,Leicester,1 - 1,D,23.709113611819518,59.125879151013095,17.165007237167394
146,15,05/12/2018 19:45,Molineux Stadium,Wolves,Chelsea,2 - 1,D,19.96312540691976,65.56874766898821,14.468126924092031
147,15,05/12/2018 19:45,Goodison Park,Everton,Newcastle,1 - 1,D,12.645340491018628,56.52768167269038,30.826977836291004
148,15,05/12/2018 20:00,Old Trafford,Man Utd,Arsenal,2 - 2,D,13.724126781694885,60.4369796261962,25.838893592108924
149,15,05/12/2018 20:00,Tottenham Hotspur Stadium,Spurs,Southampton,3 - 1,D,21.440002721760912,56.56237084429917,21.997626433939928
150,16,08/12/2018 12:30,Vitality Stadium,Bournemouth,Liverpool,0 - 4,D,19.423809010358013,60.212433631341746,20.363757358300244
151,16,08/12/2018 15:00,Emirates Stadium,Arsenal,Huddersfield,1 - 0,D,18.673543703492683,58.98320122814449,22.343255068362826
152,16,08/12/2018 15:00,Turf Moor,Burnley,Brighton,1 - 0,D,23.271438822132836,54.766673738486695,21.961887439380458
153,16,08/12/2018 15:00,Cardiff City Stadium,Cardiff,Southampton,1 - 0,D,22.309358270731803,57.61173278698133,20.07890894228687
154,16,08/12/2018 15:00,Old Trafford,Man Utd,Fulham,4 - 1,D,15.073127816964702,62.11374646673842,22.813125716296884
155,16,08/12/2018 15:00,London Stadium,West Ham,Crystal Palace,3 - 2,A,99.65721439020157,0.34270160856747833,8.400123092536117e-05
156,16,08/12/2018 17:30,Stamford Bridge,Chelsea,Man City,2 - 0,D,18.335414224472675,57.511707224629426,24.152878550897896
157,16,08/12/2018 19:45,King Power Stadium,Leicester,Spurs,0 - 2,D,16.27650902414137,55.969897490793805,27.753593485064815
158,16,09/12/2018 16:00,St. James' Park,Newcastle,Wolves,1 - 2,D,19.59282789509641,57.95577771999826,22.451394384905342
159,16,10/12/2018 20:00,Goodison Park,Everton,Watford,2 - 2,D,19.68118472348899,59.68891298181561,20.62990229469539
160,17,15/12/2018 12:30,Etihad Stadium,Man City,Everton,3 - 1,H,9.045391325074994e-05,0.14585215331218193,99.85405739277458
161,17,15/12/2018 15:00,Selhurst Park,Crystal Palace,Leicester,1 - 0,D,22.66425339554194,64.25919950851214,13.076547095945903
162,17,15/12/2018 15:00,John Smith's Stadium,Huddersfield,Newcastle,0 - 1,D,10.97301652140357,61.607663946250504,27.41931953234593
163,17,15/12/2018 15:00,Tottenham Hotspur Stadium,Spurs,Burnley,1 - 0,D,19.619029057450696,54.70539228477258,25.67557865777672
164,17,15/12/2018 15:00,Vicarage Road,Watford,Cardiff,3 - 2,D,20.117408026079485,59.66687467685482,20.215717297065694
165,17,15/12/2018 15:00,Molineux Stadium,Wolves,Bournemouth,2 - 0,D,18.35294046386018,64.25309944270063,17.39396009343919
166,17,15/12/2018 17:30,Craven Cottage,Fulham,West Ham,0 - 2,D,14.284394199751322,66.72564932479537,18.989956475453322
167,17,16/12/2018 13:30,Amex Stadium,Brighton,Chelsea,1 - 2,D,11.578947033489296,67.44228005504908,20.97877291146162
168,17,16/12/2018 13:30,St. Mary's Stadium,Southampton,Arsenal,3 - 2,D,15.584842122763842,60.98367326455586,23.431484612680293
169,17,16/12/2018 16:00,Anfield,Liverpool,Man Utd,3 - 1,D,32.49510969588145,54.85440140826889,12.650488895849652
170,18,21/12/2018 20:00,Molineux Stadium,Wolves,Liverpool,0 - 2,D,22.39132326954624,60.057019604001525,17.551657126452223
171,18,22/12/2018 12:30,Emirates Stadium,Arsenal,Burnley,3 - 1,D,18.510472315090304,55.7915042303179,25.698023454591794
172,18,22/12/2018 15:00,Vitality Stadium,Bournemouth,Brighton,2 - 0,D,23.364977880788416,54.7004805383147,21.934541580896898
173,18,22/12/2018 15:00,Stamford Bridge,Chelsea,Leicester,0 - 1,D,25.06199897927755,57.598292891817415,17.33970812890503
174,18,22/12/2018 15:00,John Smith's Stadium,Huddersfield,Southampton,1 - 3,D,18.98190205334553,60.59683546502098,20.42126248163348
175,18,22/12/2018 15:00,Etihad Stadium,Man City,Crystal Palace,2 - 3,A,99.77028673866467,0.22963408285260464,7.91784827355607e-05
176,18,22/12/2018 15:00,St. James' Park,Newcastle,Fulham,0 - 0,D,15.453645812198506,64.78119100037902,19.765163187422477
177,18,22/12/2018 15:00,London Stadium,West Ham,Watford,0 - 2,D,17.993689691126193,65.56527491472328,16.441035394150543
178,18,22/12/2018 17:30,Cardiff City Stadium,Cardiff,Man Utd,1 - 5,D,28.815066919086576,57.653971712642104,13.530961368271319
179,18,23/12/2018 16:00,Goodison Park,Everton,Spurs,2 - 6,D,14.845442841744397,58.42449944532443,26.730057712931178
180,19,26/12/2018 12:30,Craven Cottage,Fulham,Wolves,1 - 1,D,22.102384532975634,53.858831902392645,24.038783564631718
181,19,26/12/2018 15:00,Turf Moor,Burnley,Everton,1 - 5,H,7.869295855847023e-05,0.1781652012179065,99.82175610582354
182,19,26/12/2018 15:00,Selhurst Park,Crystal Palace,Cardiff,0 - 0,D,18.995678961424797,64.82485111238489,16.17946992619032
183,19,26/12/2018 15:00,King Power Stadium,Leicester,Man City,2 - 1,D,21.540393683268675,52.09615786509103,26.363448451640288
184,19,26/12/2018 15:00,Anfield,Liverpool,Newcastle,4 - 0,D,15.232478440880312,58.36826690733826,26.39925465178143
185,19,26/12/2018 15:00,Old Trafford,Man Utd,Huddersfield,3 - 1,D,15.003092320601866,61.97767424577396,23.019233433624176
186,19,26/12/2018 15:00,Tottenham Hotspur Stadium,Spurs,Bournemouth,5 - 0,D,16.50207534098708,61.70100716715744,21.79691749185548
187,19,26/12/2018 17:15,Amex Stadium,Brighton,Arsenal,1 - 1,D,11.553818139015323,59.76160865262674,28.684573208357943
188,19,26/12/2018 19:30,Vicarage Road,Watford,Chelsea,1 - 2,D,16.28035181777528,66.85073968867634,16.868908493548375
189,19,27/12/2018 19:45,St. Mary's Stadium,Southampton,West Ham,1 - 2,D,13.742605556466108,68.06774910817526,18.18964533535864
190,20,29/12/2018 15:00,Amex Stadium,Brighton,Everton,1 - 0,H,4.23365793011995e-05,0.14630611222519352,99.85365155119551
191,20,29/12/2018 15:00,Craven Cottage,Fulham,Huddersfield,1 - 0,D,17.567102889515105,60.814403927481834,21.61849318300307
192,20,29/12/2018 15:00,King Power Stadium,Leicester,Cardiff,0 - 1,D,24.498470783305322,52.25311885031344,23.248410366381243
193,20,29/12/2018 15:00,Tottenham Hotspur Stadium,Spurs,Wolves,1 - 3,D,24.668481423172516,50.74082902527006,24.590689551557425
194,20,29/12/2018 15:00,Vicarage Road,Watford,Newcastle,1 - 1,D,11.266315632975065,61.19162556641016,27.542058800614782
195,20,29/12/2018 17:30,Anfield,Liverpool,Arsenal,5 - 1,D,21.838047512145078,56.18054688828986,21.981405599565047
196,20,30/12/2018 12:00,Selhurst Park,Crystal Palace,Chelsea,0 - 1,D,15.144916919201496,71.55414019241579,13.300942888382728
197,20,30/12/2018 14:15,Turf Moor,Burnley,West Ham,2 - 0,D,15.468110152450198,66.34916284338031,18.18272700416948
198,20,30/12/2018 14:15,St. Mary's Stadium,Southampton,Man City,1 - 3,D,16.718825420869106,60.336624821041774,22.94454975808912
199,20,30/12/2018 16:30,Old Trafford,Man Utd,Bournemouth,4 - 1,D,12.372456537488514,65.39739736512786,22.23014609738361
200,21,01/01/2019 12:30,Goodison Park,Everton,Leicester,0 - 1,D,26.976691688098448,54.711385365016326,18.311922946885225
201,21,01/01/2019 15:00,Emirates Stadium,Arsenal,Fulham,4 - 1,D,18.757597101570987,59.102880860675064,22.13952203775395
202,21,01/01/2019 17:30,Cardiff City Stadium,Cardiff,Spurs,0 - 3,D,15.284754908782316,61.115592574598544,23.599652516619134
203,21,02/01/2019 19:45,Vitality Stadium,Bournemouth,Watford,3 - 3,D,18.553217470605066,63.2025768393156,18.244205690079333
204,21,02/01/2019 19:45,Stamford Bridge,Chelsea,Southampton,0 - 0,D,20.201722616826633,58.186929361059306,21.611348022114075
205,21,02/01/2019 19:45,John Smith's Stadium,Huddersfield,Burnley,1 - 2,D,17.4022880323078,58.71734725012529,23.880364717566902
206,21,02/01/2019 19:45,London Stadium,West Ham,Brighton,2 - 2,D,22.849457824300334,57.218935859152,19.93160631654768
207,21,02/01/2019 19:45,Molineux Stadium,Wolves,Crystal Palace,0 - 2,A,99.72253977389727,0.27739258948589196,6.763661682640912e-05
208,21,02/01/2019 20:00,St. James' Park,Newcastle,Man Utd,0 - 2,D,21.95461739482199,64.53552559741202,13.50985700776598
209,21,03/01/2019 20:00,Etihad Stadium,Man City,Liverpool,2 - 1,D,24.17508130822605,53.651956356443144,22.172962335330798
210,22,12/01/2019 12:30,London Stadium,West Ham,Arsenal,1 - 0,D,17.123150434203556,61.7435329845321,21.133316581264346
211,22,12/01/2019 15:00,Amex Stadium,Brighton,Liverpool,0 - 1,D,12.960088155080049,61.64342981507341,25.396482029846524
212,22,12/01/2019 15:00,Turf Moor,Burnley,Fulham,2 - 1,D,19.06781717431362,60.46504046098252,20.46714236470385
213,22,12/01/2019 15:00,Cardiff City Stadium,Cardiff,Huddersfield,0 - 0,D,20.61936345473337,58.97935215835768,20.40128438690894
214,22,12/01/2019 15:00,Selhurst Park,Crystal Palace,Watford,1 - 2,D,16.311173290191444,69.15642023581778,14.532406473990797
215,22,12/01/2019 15:00,King Power Stadium,Leicester,Southampton,1 - 2,D,23.725802152235747,52.691973483690056,23.58222436407419
216,22,12/01/2019 17:30,Stamford Bridge,Chelsea,Newcastle,2 - 1,D,11.695365207721778,59.24467416162065,29.05996063065757
217,22,13/01/2019 14:15,Goodison Park,Everton,Bournemouth,2 - 0,D,16.79678027444257,60.50748683062125,22.695732894936178
218,22,13/01/2019 16:03,Tottenham Hotspur Stadium,Spurs,Man Utd,0 - 1,D,27.938050304886836,57.10637622223559,14.955573472877559
219,22,14/01/2019 20:00,Etihad Stadium,Man City,Wolves,3 - 0,D,29.150001733401766,46.45388814887475,24.39611011772348
220,23,19/01/2019 12:30,Molineux Stadium,Wolves,Leicester,4 - 3,D,29.009395882763656,57.178539815499796,13.812064301736553
221,23,19/01/2019 15:00,Vitality Stadium,Bournemouth,West Ham,2 - 0,D,15.536600883827353,66.29592567833436,18.167473437838293
222,23,19/01/2019 15:00,Anfield,Liverpool,Crystal Palace,4 - 3,A,99.75519013038891,0.24474129393882116,6.85756722672777e-05
223,23,19/01/2019 15:00,Old Trafford,Man Utd,Brighton,2 - 1,D,18.556553669951366,56.75072652385747,24.69271980619116
224,23,19/01/2019 15:00,St. James' Park,Newcastle,Cardiff,3 - 0,D,17.33190414419001,63.15143152374585,19.516664332064128
225,23,19/01/2019 15:00,St. Mary's Stadium,Southampton,Everton,2 - 1,H,6.988480928961015e-05,0.18270225603481466,99.81722785915589
226,23,19/01/2019 15:00,Vicarage Road,Watford,Burnley,0 - 0,D,17.83612898346582,58.21863871837819,23.945232298155997
227,23,19/01/2019 17:30,Emirates Stadium,Arsenal,Chelsea,2 - 0,D,17.055631374481003,64.66947876914503,18.274889856373967
228,23,20/01/2019 13:30,John Smith's Stadium,Huddersfield,Man City,0 - 3,D,17.237805550733587,59.92674545889709,22.83544899036931
229,23,20/01/2019 16:00,Craven Cottage,Fulham,Spurs,1 - 2,D,12.887245070527015,62.364177749339774,24.748577180133204
230,24,29/01/2019 19:45,Emirates Stadium,Arsenal,Cardiff,2 - 1,D,20.92972441896011,57.321019253578655,21.74925632746123
231,24,29/01/2019 19:45,Craven Cottage,Fulham,Brighton,4 - 2,D,21.597493841906353,55.35148522644313,23.051020931650516
232,24,29/01/2019 19:45,John Smith's Stadium,Huddersfield,Everton,0 - 1,H,7.239867161805766e-05,0.1823287644321365,99.81759883689625
233,24,29/01/2019 19:45,Molineux Stadium,Wolves,West Ham,3 - 0,D,17.96526370468905,66.3279630960924,15.706773199218551
234,24,29/01/2019 20:00,Old Trafford,Man Utd,Burnley,2 - 2,D,14.876311985015784,58.64064579396575,26.483042221018465
235,24,29/01/2019 20:00,St. James' Park,Newcastle,Man City,2 - 1,D,15.188642634155997,62.75303028059659,22.058327085247424
236,24,30/01/2019 19:45,Vitality Stadium,Bournemouth,Chelsea,4 - 0,D,17.34481849908518,65.84243430080951,16.812747200105303
237,24,30/01/2019 19:45,St. Mary's Stadium,Southampton,Crystal Palace,1 - 1,A,99.6281120121362,0.3717856886681302,0.00010229919569590057
238,24,30/01/2019 20:00,Anfield,Liverpool,Leicester,1 - 1,D,31.045913478990204,53.972066354107916,14.982020166901878
239,24,30/01/2019 20:00,Tottenham Hotspur Stadium,Spurs,Watford,2 - 1,D,19.332960740746675,60.85712267975367,19.809916579499653
240,25,02/02/2019 12:30,Tottenham Hotspur Stadium,Spurs,Newcastle,1 - 0,D,12.464317525503303,57.832206768691755,29.703475705804944
241,25,02/02/2019 15:00,Amex Stadium,Brighton,Watford,0 - 0,D,12.399424067590644,64.81031332546972,22.79026260693963
242,25,02/02/2019 15:00,Turf Moor,Burnley,Southampton,1 - 1,D,20.57715829732175,59.055184843016896,20.367656859661345
243,25,02/02/2019 15:00,Stamford Bridge,Chelsea,Huddersfield,5 - 0,D,18.634506017339007,59.45054007232486,21.914953910336116
244,25,02/02/2019 15:00,Selhurst Park,Crystal Palace,Fulham,2 - 0,D,16.967592581590463,66.61744732174847,16.414960096661062
245,25,02/02/2019 15:00,Goodison Park,Everton,Wolves,1 - 3,D,24.9908073568821,49.52503785737341,25.484154785744483
246,25,02/02/2019 17:30,Cardiff City Stadium,Cardiff,Bournemouth,2 - 0,D,17.186224437599115,62.90066800384736,19.91310755855352
247,25,03/02/2019 14:05,King Power Stadium,Leicester,Man Utd,0 - 1,D,30.870854923986972,53.11998642067876,16.009158655334268
248,25,03/02/2019 16:30,Etihad Stadium,Man City,Arsenal,3 - 1,D,21.855759101215277,52.747444908970806,25.39679598981392
249,25,04/02/2019 20:00,London Stadium,West Ham,Liverpool,1 - 1,D,18.90372052866956,62.68118227248305,18.415097198847395
250,26,06/02/2019 19:45,Goodison Park,Everton,Man City,0 - 2,D,19.761414123066828,54.698910079749574,25.53967579718361
251,26,09/02/2019 12:30,Craven Cottage,Fulham,Man Utd,0 - 3,D,24.965111193412916,60.453948039686026,14.580940766901065
252,26,09/02/2019 15:00,Selhurst Park,Crystal Palace,West Ham,1 - 1,D,13.567980478294103,72.05726805279656,14.374751468909327
253,26,09/02/2019 15:00,John Smith's Stadium,Huddersfield,Arsenal,1 - 2,D,16.075358970490267,60.59479462989691,23.32984639961283
254,26,09/02/2019 15:00,Anfield,Liverpool,Bournemouth,3 - 0,D,19.80802379222435,61.164552455174224,19.02742375260143
255,26,09/02/2019 15:00,St. Mary's Stadium,Southampton,Cardiff,1 - 2,D,19.059243065014197,60.659954623949034,20.280802311036773
256,26,09/02/2019 15:00,Vicarage Road,Watford,Everton,1 - 0,H,7.400406837492927e-05,0.18029411658971767,99.81963187934191
257,26,09/02/2019 17:30,Amex Stadium,Brighton,Burnley,1 - 3,D,12.535229689472722,58.038273402484954,29.42649690804232
258,26,10/02/2019 13:30,Tottenham Hotspur Stadium,Spurs,Leicester,3 - 1,D,26.535040548371413,55.85722971749526,17.607729734133333
259,26,10/02/2019 16:00,Etihad Stadium,Man City,Chelsea,6 - 0,D,21.902383264330986,59.524167681102846,18.573449054566176
260,26,11/02/2019 20:00,Molineux Stadium,Wolves,Newcastle,1 - 1,D,14.175592007860882,61.58532025927058,24.23908773286854
261,27,22/02/2019 19:45,Cardiff City Stadium,Cardiff,Watford,1 - 5,D,20.079719597805962,61.87166181231694,18.0486185898771
262,27,22/02/2019 19:45,London Stadium,West Ham,Fulham,3 - 1,D,18.634559988192844,62.87720943348951,18.488230578317648
263,27,23/02/2019 12:30,Turf Moor,Burnley,Spurs,2 - 1,D,14.002224070206465,62.221338000361534,23.776437929432
264,27,23/02/2019 15:00,Vitality Stadium,Bournemouth,Wolves,1 - 1,D,23.908549933900716,53.21951152034734,22.87193854575194
265,27,23/02/2019 15:00,St. James' Park,Newcastle,Huddersfield,2 - 0,D,15.387250709363853,64.66200310534815,19.950746185287997
266,27,23/02/2019 17:30,King Power Stadium,Leicester,Crystal Palace,1 - 4,A,99.7504477871074,0.24946086890295377,9.134398965649783e-05
267,27,24/02/2019 14:05,Emirates Stadium,Arsenal,Southampton,2 - 0,D,20.24256926507712,57.725319713302724,22.03211102162015
268,27,24/02/2019 14:05,Old Trafford,Man Utd,Liverpool,0 - 0,D,15.300971053305187,61.961098886213726,22.737930060481087
269,28,26/02/2019 19:45,Cardiff City Stadium,Cardiff,Everton,0 - 3,H,8.654590740048195e-05,0.17631317655858658,99.82360027753401
270,28,26/02/2019 19:45,John Smith's Stadium,Huddersfield,Wolves,1 - 0,D,22.05442841135261,54.89318090678667,23.05239068186073
271,28,26/02/2019 19:45,King Power Stadium,Leicester,Brighton,2 - 1,D,26.533591610732145,48.32146527029584,25.14494311897203
272,28,26/02/2019 20:00,St. James' Park,Newcastle,Burnley,2 - 0,D,15.350788143347248,61.55562928836271,23.093582568290028
273,28,27/02/2019 19:45,Emirates Stadium,Arsenal,Bournemouth,5 - 1,D,15.521272053382551,62.73052801328111,21.748199933336355
274,28,27/02/2019 19:45,St. Mary's Stadium,Southampton,Fulham,2 - 0,D,17.03497681392689,62.37621698675674,20.58880619931638
275,28,27/02/2019 20:00,Selhurst Park,Crystal Palace,Man Utd,1 - 3,D,23.704787752066128,65.26176801901285,11.033444228921024
276,28,27/02/2019 20:00,Stamford Bridge,Chelsea,Spurs,2 - 0,D,13.708153337501011,61.13440326622087,25.157443396278108
277,28,27/02/2019 20:00,Anfield,Liverpool,Watford,5 - 0,D,23.015711756473113,59.83322634889237,17.151061894634516
278,28,27/02/2019 20:00,Etihad Stadium,Man City,West Ham,1 - 0,D,19.69323357403314,60.16081336285502,20.145953063111836
279,29,02/03/2019 12:30,Tottenham Hotspur Stadium,Spurs,Arsenal,1 - 1,D,18.184662908312415,56.64641701659233,25.168920075095247
280,29,02/03/2019 15:00,Vitality Stadium,Bournemouth,Man City,0 - 1,D,18.79160666829863,58.424860585452606,22.78353274624876
281,29,02/03/2019 15:00,Amex Stadium,Brighton,Huddersfield,1 - 0,D,12.697829383992593,61.61163045148918,25.69054016451824
282,29,02/03/2019 15:00,Turf Moor,Burnley,Crystal Palace,1 - 3,A,99.67777626882094,0.3221328329814598,9.089819761872042e-05
283,29,02/03/2019 15:00,Old Trafford,Man Utd,Southampton,3 - 2,D,16.32602507001329,60.88833076956911,22.785644160417604
284,29,02/03/2019 15:00,Molineux Stadium,Wolves,Cardiff,2 - 0,D,24.53824902493673,58.21444455821152,17.247306416851742
285,29,02/03/2019 17:30,London Stadium,West Ham,Newcastle,2 - 0,D,11.770441866991058,63.21711044818458,25.01244768482437
286,29,03/03/2019 12:00,Vicarage Road,Watford,Leicester,2 - 1,D,24.12624947017492,59.450877223152354,16.42287330667273
287,29,03/03/2019 14:05,Craven Cottage,Fulham,Chelsea,1 - 2,D,15.980434764921956,66.40868222791289,17.61088300716515
288,29,03/03/2019 16:15,Goodison Park,Everton,Liverpool,0 - 0,D,20.502943950309888,56.584161956490675,22.912894093199437
289,30,09/03/2019 12:30,Selhurst Park,Crystal Palace,Brighton,1 - 2,D,20.989201772051267,61.158023671203054,17.852774556745683
290,30,09/03/2019 15:00,Cardiff City Stadium,Cardiff,West Ham,2 - 0,D,16.867618824751172,65.10332875330533,18.029052421943497
291,30,09/03/2019 15:00,John Smith's Stadium,Huddersfield,Bournemouth,0 - 2,D,14.47304289464513,65.48185665449834,20.04510045085653
292,30,09/03/2019 15:00,King Power Stadium,Leicester,Fulham,3 - 1,D,22.066527526913422,54.148731896127124,23.78474057695946
293,30,09/03/2019 15:00,St. James' Park,Newcastle,Everton,3 - 2,H,6.602950508927557e-05,0.19762398694077912,99.80230998355414
294,30,09/03/2019 15:00,St. Mary's Stadium,Southampton,Spurs,2 - 1,D,12.4329404647625,63.79553639051233,23.771523144725176
295,30,09/03/2019 17:30,Etihad Stadium,Man City,Watford,3 - 1,D,23.260652364279107,56.728758414485256,20.010589221235637
296,30,10/03/2019 12:00,Anfield,Liverpool,Burnley,4 - 2,D,23.50418194545424,54.125601065553916,22.37021698899184
297,30,10/03/2019 14:05,Stamford Bridge,Chelsea,Wolves,1 - 1,D,23.336899646430673,52.40739449823919,24.255705855330138
298,30,10/03/2019 16:30,Emirates Stadium,Arsenal,Man Utd,2 - 0,D,26.473737709034545,58.49270598684326,15.033556304122206
299,31,16/03/2019 15:00,Vitality Stadium,Bournemouth,Newcastle,2 - 2,D,12.03640979115404,60.4366982077251,27.526892001120856
300,31,16/03/2019 15:00,Turf Moor,Burnley,Leicester,1 - 2,D,25.4444631449314,58.2670183831098,16.288518471958803
301,31,16/03/2019 15:00,London Stadium,West Ham,Huddersfield,4 - 3,D,18.558609696136937,62.775431273321246,18.665959030541813
302,31,17/03/2019 14:15,Craven Cottage,Fulham,Liverpool,1 - 2,D,17.903654140506717,60.75662116339019,21.339724696103083
303,31,17/03/2019 16:30,Goodison Park,Everton,Chelsea,2 - 0,D,18.474586809973378,62.43638294449229,19.08903024553433
304,32,30/03/2019 12:30,Craven Cottage,Fulham,Man City,0 - 2,D,17.29510897766233,58.865010593309876,23.839880429027797
305,32,30/03/2019 15:00,Amex Stadium,Brighton,Southampton,0 - 1,D,13.848503282361188,60.66457628731084,25.48692043032797
306,32,30/03/2019 15:00,Turf Moor,Burnley,Wolves,2 - 0,D,23.81350142816599,53.28540437329974,22.901094198534274
307,32,30/03/2019 15:00,Selhurst Park,Crystal Palace,Huddersfield,2 - 0,D,16.901679998711792,66.52238091194239,16.575939089345816
308,32,30/03/2019 15:00,King Power Stadium,Leicester,Bournemouth,2 - 0,D,18.425880418625816,57.996625794836106,23.577493786538085
309,32,30/03/2019 15:00,Old Trafford,Man Utd,Watford,2 - 1,D,14.611586854859231,65.02214173891797,20.366271406222804
310,32,30/03/2019 17:30,London Stadium,West Ham,Everton,0 - 2,H,8.511358691299886e-05,0.2050485253867279,99.79486636102637
311,32,31/03/2019 14:05,Cardiff City Stadium,Cardiff,Chelsea,1 - 2,D,18.79815212459785,64.546079148497,16.655768726905144
312,32,31/03/2019 16:30,Anfield,Liverpool,Spurs,2 - 1,D,17.6880769585997,59.670275311772144,22.641647729628144
313,32,01/04/2019 20:00,Emirates Stadium,Arsenal,Newcastle,2 - 0,D,11.705033152932048,58.7045620973997,29.59040474966826
314,32,02/04/2019 19:45,Vicarage Road,Watford,Fulham,4 - 1,D,18.00622884719227,61.44196322668947,20.551807926118265
315,32,02/04/2019 19:45,Molineux Stadium,Wolves,Man Utd,2 - 1,D,30.321253107744383,58.032381262676466,11.646365629579137
316,32,03/04/2019 19:45,Stamford Bridge,Chelsea,Brighton,3 - 0,D,22.821458523464038,53.90150940809272,23.277032068443226
317,32,03/04/2019 19:45,Tottenham Hotspur Stadium,Spurs,Crystal Palace,2 - 0,A,99.70371049240403,0.2961952614569625,9.424613900536689e-05
318,32,03/04/2019 19:45,Etihad Stadium,Man City,Cardiff,2 - 0,D,26.41711313520419,51.85685184372616,21.726035021069652
319,33,05/04/2019 20:00,St. Mary's Stadium,Southampton,Liverpool,1 - 3,D,17.286192981493432,62.200319717755356,20.51348730075121
320,33,06/04/2019 15:00,Vitality Stadium,Bournemouth,Burnley,1 - 3,D,18.96280684024734,57.22130412562878,23.815889034123884
321,33,06/04/2019 15:00,John Smith's Stadium,Huddersfield,Leicester,1 - 4,D,23.568178032784708,60.03342139150577,16.398400575709516
322,33,06/04/2019 15:00,St. James' Park,Newcastle,Crystal Palace,0 - 1,A,99.57448997865241,0.425401823594847,0.00010819775276230134
323,33,07/04/2019 14:05,Goodison Park,Everton,Arsenal,1 - 0,D,18.460151930283235,55.402817028348686,26.13703104136808
324,33,08/04/2019 20:00,Stamford Bridge,Chelsea,West Ham,2 - 0,D,15.208313493200883,65.47019712230463,19.3214893844945
325,34,12/04/2019 20:00,King Power Stadium,Leicester,Newcastle,0 - 1,D,13.860928186616887,54.139515545267614,31.999556268115487
326,34,13/04/2019 12:30,Tottenham Hotspur Stadium,Spurs,Huddersfield,4 - 0,D,19.801655968364923,57.86356187728023,22.33478215435486
327,34,13/04/2019 15:00,Amex Stadium,Brighton,Bournemouth,0 - 5,D,10.440864598848727,64.82159498266006,24.737540418491218
328,34,13/04/2019 15:00,Turf Moor,Burnley,Cardiff,2 - 0,D,21.270691419234666,58.62784392581744,20.101464654947897
329,34,13/04/2019 15:00,Craven Cottage,Fulham,Everton,2 - 0,H,6.958637622112844e-05,0.17157105452876797,99.828359359095
330,34,13/04/2019 15:00,St. Mary's Stadium,Southampton,Wolves,3 - 1,D,21.428663802981756,55.36741108473121,23.203925112287042
331,34,13/04/2019 17:30,Old Trafford,Man Utd,West Ham,2 - 1,D,12.148260131129701,67.7163044401109,20.135435428759408
332,34,14/04/2019 14:05,Selhurst Park,Crystal Palace,Man City,1 - 3,D,16.755738898449493,64.83792507689526,18.40633602465525
333,34,14/04/2019 16:30,Anfield,Liverpool,Chelsea,2 - 0,D,21.59128578471613,62.54852703182401,15.860187183459857
334,34,15/04/2019 20:00,Vicarage Road,Watford,Arsenal,0 - 1,D,16.484447667284325,60.11050911706113,23.40504321565455
335,34,16/04/2019 19:45,Amex Stadium,Brighton,Cardiff,0 - 2,D,14.359096874887042,60.41004191481822,25.23086121029474
336,35,20/04/2019 12:30,Etihad Stadium,Man City,Spurs,1 - 0,D,17.722632115676884,56.08787950870755,26.18948837561557
337,35,20/04/2019 15:00,Vitality Stadium,Bournemouth,Fulham,0 - 1,D,19.148657721174466,60.40520229279617,20.446139986029376
338,35,20/04/2019 15:00,John Smith's Stadium,Huddersfield,Watford,1 - 2,D,16.99666074242967,64.7417001204875,18.26163913708282
339,35,20/04/2019 15:00,London Stadium,West Ham,Leicester,2 - 2,D,24.82375778577202,60.48779817841695,14.68844403581103
340,35,20/04/2019 15:00,Molineux Stadium,Wolves,Brighton,0 - 0,D,26.827455121737557,54.34223283413873,18.83031204412372
341,35,20/04/2019 17:30,St. James' Park,Newcastle,Southampton,3 - 1,D,16.741072430096057,63.51415365150944,19.744773918394507
342,35,21/04/2019 13:30,Goodison Park,Everton,Man Utd,4 - 0,D,28.433858976617586,55.995573696651924,15.570567326730494
343,35,21/04/2019 16:00,Emirates Stadium,Arsenal,Crystal Palace,2 - 3,A,99.67981017493811,0.3200898713470052,9.995371487560572e-05
344,35,21/04/2019 16:00,Cardiff City Stadium,Cardiff,Liverpool,0 - 2,D,20.998449125067882,58.87861544467725,20.12293543025487
345,35,22/04/2019 20:00,Stamford Bridge,Chelsea,Burnley,2 - 2,D,18.488277389330552,56.283790980809535,25.227931629859917
346,35,23/04/2019 19:45,Vicarage Road,Watford,Southampton,1 - 1,D,19.452395613714764,60.07374103603588,20.473863350249356
347,35,23/04/2019 19:45,Tottenham Hotspur Stadium,Spurs,Brighton,1 - 0,D,24.14546680308328,52.23467167977843,23.619861517138297
348,35,24/04/2019 19:45,Molineux Stadium,Wolves,Arsenal,3 - 1,D,20.367120072494313,59.40616985466514,20.226710072840554
349,35,24/04/2019 20:00,Old Trafford,Man Utd,Man City,0 - 2,D,14.749213013877455,59.903328643287125,25.347458342835427
350,36,26/04/2019 20:00,Anfield,Liverpool,Huddersfield,5 - 0,D,23.620750092898938,57.00360255569099,19.375647351410066
351,36,27/04/2019 12:30,Tottenham Hotspur Stadium,Spurs,West Ham,0 - 1,D,16.229839631515226,63.994485831896284,19.77567453658848
352,36,27/04/2019 15:00,Selhurst Park,Crystal Palace,Everton,0 - 0,H,8.725360564809458e-05,0.24458779560429655,99.75532495079005
353,36,27/04/2019 15:00,Craven Cottage,Fulham,Cardiff,1 - 0,D,19.722343750432273,59.198899116346794,21.07875713322094
354,36,27/04/2019 15:00,St. Mary's Stadium,Southampton,Bournemouth,3 - 3,D,14.022171420266915,65.858667901668,20.119160678065075
355,36,27/04/2019 15:00,Vicarage Road,Watford,Wolves,1 - 2,D,22.571246452938563,54.34749132800722,23.08126221905422
356,36,27/04/2019 17:30,Amex Stadium,Brighton,Newcastle,1 - 1,D,7.704798216607715,59.35975385446911,32.935447928923175
357,36,28/04/2019 12:00,King Power Stadium,Leicester,Arsenal,3 - 0,D,20.148457157827405,52.83598130835215,27.01556153382044
358,36,28/04/2019 14:05,Turf Moor,Burnley,Man City,0 - 1,D,18.711909249278175,58.48159859630723,22.806492154414602
359,36,28/04/2019 16:30,Old Trafford,Man Utd,Chelsea,1 - 1,D,13.637243723170902,67.62558857955933,18.737167697269754
360,37,03/05/2019 20:00,Goodison Park,Everton,Burnley,2 - 0,D,19.899566024526735,53.459589270513334,26.64084470495993
361,37,04/05/2019 12:30,Vitality Stadium,Bournemouth,Spurs,1 - 0,D,14.065331171582843,62.176306971357455,23.75836185705971
362,37,04/05/2019 15:00,London Stadium,West Ham,Southampton,3 - 0,D,20.125891946461238,61.4608439193985,18.413264134140263
363,37,04/05/2019 15:00,Molineux Stadium,Wolves,Fulham,1 - 0,D,22.086041929339256,60.28178915494971,17.632168915711038
364,37,04/05/2019 17:30,Cardiff City Stadium,Cardiff,Crystal Palace,2 - 3,A,99.70996509983495,0.2899522216140762,8.267855097463711e-05
365,37,04/05/2019 19:45,St. James' Park,Newcastle,Liverpool,2 - 3,D,15.685791059341609,64.6160155571584,19.698193383499994
366,37,05/05/2019 14:00,Stamford Bridge,Chelsea,Watford,3 - 0,D,18.164883637090504,62.42807350601879,19.407042856890715
367,37,05/05/2019 14:00,John Smith's Stadium,Huddersfield,Man Utd,1 - 1,D,24.784904060774974,61.30320735444579,13.911888584779227
368,37,05/05/2019 16:30,Emirates Stadium,Arsenal,Brighton,1 - 1,D,22.851212263322214,53.43557068745247,23.71321704922531
369,37,06/05/2019 20:00,Etihad Stadium,Man City,Leicester,1 - 0,D,31.367552253791143,51.157417083727516,17.47503066248133
370,38,12/05/2019 15:00,Amex Stadium,Brighton,Man City,1 - 4,D,12.442962205801082,59.358731399440046,28.19830639475887
371,38,12/05/2019 15:00,Turf Moor,Burnley,Arsenal,1 - 3,D,17.470346046485172,59.20229786221892,23.3273560912959
372,38,12/05/2019 15:00,Selhurst Park,Crystal Palace,Bournemouth,5 - 3,D,13.918836074152876,70.09561728304134,15.985546642805781
373,38,12/05/2019 15:00,Craven Cottage,Fulham,Newcastle,0 - 4,D,10.992892822307343,60.42489587637071,28.582211301321948
374,38,12/05/2019 15:00,King Power Stadium,Leicester,Chelsea,0 - 0,D,20.278063124240184,59.87987393713527,19.842062938624547
375,38,12/05/2019 15:00,Anfield,Liverpool,Wolves,2 - 0,D,29.208442457937956,49.61677216761066,21.174785374451393
376,38,12/05/2019 15:00,Old Trafford,Man Utd,Cardiff,0 - 2,D,16.908089949931473,60.56166965484682,22.530240395221707
377,38,12/05/2019 15:00,St. Mary's Stadium,Southampton,Huddersfield,1 - 1,D,16.960877846289577,62.25811419445485,20.78100795925556
378,38,12/05/2019 15:00,Tottenham Hotspur Stadium,Spurs,Everton,2 - 2,H,7.593257966457436e-05,0.1580320950961047,99.84189197232422
379,38,12/05/2019 15:00,Vicarage Road,Watford,West Ham,1 - 4,D,14.565272095661497,67.22885946672565,18.205868437612853
